1.0,50.999,0.3302
50.999,100.99800000000002,0.12490000000000001
100.998,150.997,0.109
150.997,200.99600000000004,0.0981
200.996,250.99500000000003,0.0833
250.995,300.994,0.0699
300.994,350.99300000000005,0.053500000000000006
350.993,400.992,0.040100000000000004
400.992,450.99100000000004,0.0267
450.99100000000004,500.99000000000007,0.0162
500.99,550.989,0.0125
550.989,600.988,0.0105
600.988,650.9870000000001,0.0067
650.9870000000001,700.9860000000001,0.0053
700.986,750.985,0.0033
750.985,800.984,0.0031000000000000003
800.984,850.9830000000001,0.0025
850.9830000000001,900.9820000000001,0.0005
900.9820000000001,950.9810000000001,0.0008
950.981,1000.98,0.0007
1000.98,1050.9789999999998,0.0002
1050.979,1100.9779999999998,0.0005
1100.978,1150.9769999999999,0.0004
1150.977,1200.9759999999999,0.0004
1200.976,1250.975,0.0002
1250.9750000000001,1300.974,0.0
1300.9740000000002,1350.973,0.0001
1350.973,1400.9719999999998,0.0
1400.972,1450.9709999999998,0.0001
1450.971,1500.9699999999998,0.0001
1500.97,1550.9689999999998,0.0
1550.969,1600.9679999999998,0.0001
1600.968,1650.9669999999999,0.0
1650.967,1700.966,0.0
1700.9660000000001,1750.965,0.0
1750.9650000000001,1800.964,0.0001
1800.9640000000002,1850.963,0.0
1850.9630000000002,1900.962,0.0
1900.962,1950.9609999999998,0.0
1950.961,2000.9599999999998,0.0
2000.96,2050.959,0.0
2050.9590000000003,2100.958,0.0
2100.958,2150.957,0.0
2150.957,2200.9559999999997,0.0
2200.956,2250.955,0.0
2250.955,2300.9539999999997,0.0
2300.954,2350.953,0.0
2350.953,2400.9519999999998,0.0
2400.952,2450.951,0.0
2450.951,2500.95,0.0
2500.9500000000003,2550.949,0.0
2550.949,2600.948,0.0
2600.9480000000003,2650.947,0.0
2650.947,2700.946,0.0
2700.946,2750.9449999999997,0.0
2750.945,2800.944,0.0
2800.944,2850.9429999999998,0.0
2850.943,2900.942,0.0
2900.942,2950.941,0.0
2950.9410000000003,3000.94,0.0
3000.94,3050.939,0.0
3050.9390000000003,3100.938,0.0
3100.938,3150.937,0.0
3150.9370000000004,3200.936,0.0
3200.936,3250.935,0.0
3250.935,3300.9339999999997,0.0
3300.934,3350.933,0.0
3350.933,3400.932,0.0
3400.9320000000002,3450.931,0.0
3450.931,3500.93,0.0
3500.9300000000003,3550.929,0.0
3550.929,3600.928,0.0
3600.9280000000003,3650.927,0.0
3650.927,3700.926,0.0
3700.9260000000004,3750.925,0.0
3750.925,3800.924,0.0
3800.924,3850.923,0.0
3850.9230000000002,3900.922,0.0
3900.922,3950.921,0.0
3950.9210000000003,4000.92,0.0
4000.92,4050.919,0.0
4050.9190000000003,4100.918,0.0
4100.918000000001,4150.917,0.0
4150.917,4200.916,0.0
4200.916,4250.915,0.0
4250.915,4300.914,0.0
4300.914,4350.913,0.0
4350.9130000000005,4400.912,0.0
4400.912,4450.911,0.0
4450.911,4500.91,0.0
4500.91,4550.909,0.0
4550.909000000001,4600.908,0.0
4600.908,4650.907,0.0
4650.907,4700.906,0.0
4700.906,4750.905,0.0
4750.905000000001,4800.904,0.0
4800.904,4850.903,0.0
4850.903,4900.902,0.0
4900.902,4950.901,0.0
4950.901,5000.9,0.0
5000.900000000001,5050.899,0.0
5050.899,5100.898,0.0
5100.898,5150.897,0.0
5150.897,5200.896,0.0
5200.896000000001,5250.895,0.0
5250.895,5300.894,0.0
5300.894,5350.893,0.0
5350.893,5400.892,0.0
5400.892,5450.891,0.0
5450.8910000000005,5500.89,0.0
5500.89,5550.889,0.0
5550.889,5600.888,0.0
5600.888,5650.887,0.0
5650.887000000001,5700.886,0.0
5700.886,5750.885,0.0
5750.885,5800.884,0.0
5800.884,5850.883,0.0
5850.883000000001,5900.8820000000005,0.0
5900.8820000000005,5950.881,0.0
5950.881,6000.88,0.0
6000.88,6050.879,0.0
6050.879,6100.878,0.0
6100.878000000001,6150.877,0.0
6150.877,6200.876,0.0
6200.876,6250.875,0.0
6250.875,6300.874,0.0
6300.874000000001,6350.8730000000005,0.0
6350.8730000000005,6400.872,0.0
6400.872,6450.871,0.0
6450.871,6500.87,0.0
6500.87,6550.869,0.0
6550.869000000001,6600.868,0.0
6600.868,6650.867,0.0
6650.867,6700.866,0.0
6700.866,6750.865,0.0
6750.865000000001,6800.8640000000005,0.0
6800.8640000000005,6850.863,0.0
6850.863,6900.862,0.0
6900.862,6950.861,0.0
6950.861,7000.86,0.0
7000.860000000001,7050.859,0.0
7050.859,7100.858,0.0
7100.858,7150.857,0.0
7150.857,7200.856,0.0
7200.856000000001,7250.8550000000005,0.0
7250.8550000000005,7300.854,0.0
7300.854,7350.853,0.0
7350.853,7400.852,0.0
7400.852000000001,7450.851000000001,0.0
7450.851000000001,7500.85,0.0
7500.85,7550.849,0.0
7550.849,7600.848,0.0
7600.848,7650.847,0.0
7650.847000000001,7700.8460000000005,0.0
7700.8460000000005,7750.845,0.0
7750.845,7800.844,0.0
7800.844,7850.843,0.0
7850.843000000001,7900.842000000001,0.0
7900.842000000001,7950.841,0.0
7950.841,8000.84,0.0
8000.84,8050.839,0.0
8050.839,8100.838,0.0
8100.838000000001,8150.837,0.0
8150.837,8200.836,0.0
8200.836000000001,8250.835000000001,0.0
8250.835000000001,8300.834,0.0
8300.834,8350.833,0.0
8350.833,8400.832,0.0
8400.832,8450.831,0.0
8450.831,8500.83,0.0
8500.83,8550.829,0.0
8550.829,8600.828,0.0
8600.828,8650.827,0.0
8650.827000000001,8700.826000000001,0.0
8700.826000000001,8750.825,0.0
8750.825,8800.824,0.0
8800.824,8850.823,0.0
8850.823,8900.822,0.0
8900.822,8950.821,0.0
8950.821,9000.82,0.0
9000.82,9050.819,0.0
9050.819000000001,9100.818000000001,0.0
9100.818000000001,9150.817000000001,0.0
9150.817000000001,9200.816,0.0
9200.816,9250.815,0.0
9250.815,9300.814,0.0
9300.814,9350.813,0.0
9350.813,9400.812,0.0
9400.812,9450.811,0.0
9450.811,9500.81,0.0
9500.810000000001,9550.809000000001,0.0
9550.809000000001,9600.808,0.0
9600.808,9650.807,0.0
9650.807,9700.806,0.0
9700.806,9750.805,0.0
9750.805,9800.804,0.0
9800.804,9850.803,0.0
9850.803,9900.802,0.0
9900.802,9950.801,0.0
9950.801000000001,10000.800000000001,0.0
10000.800000000001,10050.799,0.0
10050.799,10100.798,0.0
10100.798,10150.797,0.0
10150.797,10200.796,0.0
10200.796,10250.795,0.0
10250.795,10300.794,0.0
10300.794,10350.793,0.0
10350.793,10400.792,0.0
10400.792000000001,10450.791000000001,0.0
10450.791000000001,10500.79,0.0
10500.79,10550.789,0.0
10550.789,10600.788,0.0
10600.788,10650.787,0.0
10650.787,10700.786,0.0
10700.786,10750.785,0.0
10750.785,10800.784,0.0
10800.784,10850.783,0.0
10850.783000000001,10900.782000000001,0.0
10900.782000000001,10950.781,0.0
10950.781,11000.78,0.0
11000.78,11050.779,0.0
11050.779,11100.778,0.0
11100.778,11150.777,0.0
11150.777,11200.776,0.0
11200.776,11250.775,0.0
11250.775,11300.774,0.0
11300.774000000001,11350.773000000001,0.0
11350.773000000001,11400.772,0.0
11400.772,11450.771,0.0
11450.771,11500.77,0.0
11500.77,11550.769,0.0
11550.769,11600.768,0.0
11600.768,11650.767,0.0
11650.767,11700.766,0.0
11700.766000000001,11750.765000000001,0.0
11750.765000000001,11800.764000000001,0.0
11800.764000000001,11850.763,0.0
11850.763,11900.762,0.0
11900.762,11950.761,0.0
11950.761,12000.76,0.0
12000.76,12050.759,0.0
12050.759,12100.758,0.0
12100.758,12150.757,0.0
12150.757000000001,12200.756000000001,0.0
12200.756000000001,12250.755000000001,0.0
12250.755000000001,12300.754,0.0
12300.754,12350.753,0.0
12350.753,12400.752,0.0
12400.752,12450.751,0.0
12450.751,12500.75,0.0
12500.75,12550.749,0.0
12550.749,12600.748,0.0
12600.748000000001,12650.747000000001,0.0
12650.747000000001,12700.746000000001,0.0
12700.746000000001,12750.745,0.0
12750.745,12800.744,0.0
12800.744,12850.743,0.0
12850.743,12900.742,0.0
12900.742,12950.741,0.0
12950.741,13000.74,0.0
13000.74,13050.739,0.0
13050.739000000001,13100.738000000001,0.0
13100.738000000001,13150.737000000001,0.0
13150.737000000001,13200.736,0.0
13200.736,13250.735,0.0
13250.735,13300.734,0.0
13300.734,13350.733,0.0
13350.733,13400.732,0.0
13400.732,13450.731,0.0
13450.731,13500.73,0.0
13500.730000000001,13550.729000000001,0.0
13550.729000000001,13600.728000000001,0.0
13600.728000000001,13650.727,0.0
13650.727,13700.726,0.0
13700.726,13750.725,0.0
13750.725,13800.724,0.0
13800.724,13850.723,0.0
13850.723,13900.722,0.0
13900.722,13950.721,0.0
13950.721000000001,14000.720000000001,0.0
14000.720000000001,14050.719000000001,0.0
14050.719000000001,14100.718,0.0
14100.718,14150.717,0.0
14150.717,14200.716,0.0
14200.716,14250.715,0.0
14250.715,14300.714,0.0
14300.714,14350.713,0.0
14350.713000000002,14400.712000000001,0.0
14400.712000000001,14450.711000000001,0.0
14450.711000000001,14500.710000000001,0.0
14500.710000000001,14550.709,0.0
14550.709,14600.708,0.0
14600.708,14650.707,0.0
14650.707,14700.706,0.0
14700.706,14750.705,0.0
14750.705,14800.704,0.0
14800.704000000002,14850.703000000001,0.0
14850.703000000001,14900.702000000001,0.0
14900.702000000001,14950.701000000001,0.0
14950.701000000001,15000.7,0.0
15000.7,15050.699,0.0
15050.699,15100.698,0.0
15100.698,15150.697,0.0
15150.697,15200.696,0.0
15200.696,15250.695,0.0
15250.695000000002,15300.694000000001,0.0
15300.694000000001,15350.693000000001,0.0
15350.693000000001,15400.692000000001,0.0
15400.692000000001,15450.691,0.0
15450.691,15500.69,0.0
15500.69,15550.689,0.0
15550.689,15600.688,0.0
15600.688,15650.687,0.0
15650.687,15700.686,0.0
15700.686000000002,15750.685000000001,0.0
15750.685000000001,15800.684000000001,0.0
15800.684000000001,15850.683,0.0
15850.683,15900.682,0.0
15900.682,15950.681,0.0
15950.681,16000.68,0.0
16000.68,16050.679,0.0
16050.679,16100.678,0.0
16100.678,16150.677,0.0
16150.677000000001,16200.676000000001,0.0
16200.676000000001,16250.675000000001,0.0
16250.675000000001,16300.674,0.0
16300.674,16350.673,0.0
16350.673,16400.672,0.0
16400.672000000002,16450.671000000006,0.0
16450.671000000002,16500.670000000006,0.0
16500.670000000002,16550.669000000005,0.0
16550.669,16600.668000000005,0.0
16600.668,16650.667000000005,0.0
16650.667,16700.666000000005,0.0
16700.666,16750.665000000005,0.0
16750.665,16800.664000000004,0.0
16800.664,16850.663000000004,0.0
16850.663,16900.662000000004,0.0
16900.662,16950.661000000004,0.0
16950.661,17000.660000000003,0.0
17000.66,17050.659000000003,0.0
17050.659,17100.658000000003,0.0
17100.658,17150.657000000003,0.0
17150.657,17200.656000000003,0.0
17200.656,17250.655000000002,0.0
17250.655000000002,17300.654000000006,0.0
17300.654000000002,17350.653000000006,0.0
17350.653000000002,17400.652000000006,0.0
17400.652000000002,17450.651000000005,0.0
17450.651,17500.650000000005,0.0
17500.65,17550.649000000005,0.0
17550.649,17600.648000000005,0.0
17600.648,17650.647000000004,0.0
17650.647,17700.646000000004,0.0
17700.646,17750.645000000004,0.0
17750.645,17800.644000000004,0.0
17800.644,17850.643000000004,0.0
17850.643,17900.642000000003,0.0
17900.642,17950.641000000003,0.0
17950.641,18000.640000000003,0.0
18000.64,18050.639000000003,0.0
18050.639,18100.638000000003,0.0
18100.638000000003,18150.637000000006,0.0
18150.637000000002,18200.636000000006,0.0
18200.636000000002,18250.635000000006,0.0
18250.635000000002,18300.634000000005,0.0
18300.634000000002,18350.633000000005,0.0
18350.633,18400.632000000005,0.0
18400.632,18450.631000000005,0.0
18450.631,18500.630000000005,0.0
18500.63,18550.629000000004,0.0
18550.629,18600.628000000004,0.0
18600.628,18650.627000000004,0.0
18650.627,18700.626000000004,0.0
18700.626,18750.625000000004,0.0
18750.625,18800.624000000003,0.0
18800.624,18850.623000000003,0.0
18850.623,18900.622000000003,0.0
18900.622,18950.621000000003,0.0
18950.621,19000.620000000003,0.0
19000.620000000003,19050.619000000006,0.0
19050.619000000002,19100.618000000006,0.0
19100.618000000002,19150.617000000006,0.0
19150.617000000002,19200.616000000005,0.0
19200.616,19250.615000000005,0.0
19250.615,19300.614000000005,0.0
19300.614,19350.613000000005,0.0
19350.613,19400.612000000005,0.0
19400.612,19450.611000000004,0.0
19450.611,19500.610000000004,0.0
19500.61,19550.609000000004,0.0
19550.609,19600.608000000004,0.0
19600.608,19650.607000000004,0.0
19650.607,19700.606000000003,0.0
19700.606,19750.605000000003,0.0
19750.605,19800.604000000003,0.0
19800.604,19850.603000000003,0.0
19850.603,19900.602000000003,0.0
19900.602000000003,19950.601000000006,0.0
19950.601000000002,20000.600000000006,0.0
20000.600000000002,20050.599000000006,0.0
20050.599000000002,20100.598000000005,0.0
20100.598,20150.597000000005,0.0
20150.597,20200.596000000005,0.0
20200.596,20250.595000000005,0.0
20250.595,20300.594000000005,0.0
20300.594,20350.593000000004,0.0
20350.593,20400.592000000004,0.0
20400.592,20450.591000000004,0.0
20450.591,20500.590000000004,0.0
20500.59,20550.589000000004,0.0
20550.589,20600.588000000003,0.0
20600.588,20650.587000000003,0.0
20650.587,20700.586000000003,0.0
20700.586,20750.585000000003,0.0
20750.585000000003,20800.584000000006,0.0
20800.584000000003,20850.583000000006,0.0
20850.583000000002,20900.582000000006,0.0
20900.582000000002,20950.581000000006,0.0
20950.581000000002,21000.580000000005,0.0
21000.58,21050.579000000005,0.0
21050.579,21100.578000000005,0.0
21100.578,21150.577000000005,0.0
21150.577,21200.576000000005,0.0
21200.576,21250.575000000004,0.0
21250.575,21300.574000000004,0.0
21300.574,21350.573000000004,0.0
21350.573,21400.572000000004,0.0
21400.572,21450.571000000004,0.0
21450.571,21500.570000000003,0.0
21500.57,21550.569000000003,0.0
21550.569,21600.568000000003,0.0
21600.568,21650.567000000003,0.0
21650.567000000003,21700.566000000006,0.0
21700.566000000003,21750.565000000006,0.0
21750.565000000002,21800.564000000006,0.0
21800.564000000002,21850.563000000006,0.0
21850.563000000002,21900.562000000005,0.0
21900.562,21950.561000000005,0.0
21950.561,22000.560000000005,0.0
22000.56,22050.559000000005,0.0
22050.559,22100.558000000005,0.0
22100.558,22150.557000000004,0.0
22150.557,22200.556000000004,0.0
22200.556,22250.555000000004,0.0
22250.555,22300.554000000004,0.0
22300.554,22350.553000000004,0.0
22350.553,22400.552000000003,0.0
22400.552,22450.551000000003,0.0
22450.551,22500.550000000003,0.0
22500.55,22550.549000000003,0.0
22550.549000000003,22600.548000000006,0.0
22600.548000000003,22650.547000000006,0.0
22650.547000000002,22700.546000000006,0.0
22700.546000000002,22750.545000000006,0.0
22750.545000000002,22800.544000000005,0.0
22800.544,22850.543000000005,0.0
22850.543,22900.542000000005,0.0
22900.542,22950.541000000005,0.0
22950.541,23000.540000000005,0.0
23000.54,23050.539000000004,0.0
23050.539,23100.538000000004,0.0
23100.538,23150.537000000004,0.0
23150.537,23200.536000000004,0.0
23200.536,23250.535000000003,0.0
23250.535,23300.534000000003,0.0
23300.534,23350.533000000003,0.0
23350.533,23400.532000000003,0.0
23400.532000000003,23450.531000000006,0.0
23450.531000000003,23500.530000000006,0.0
23500.530000000002,23550.529000000006,0.0
23550.529000000002,23600.528000000006,0.0
23600.528000000002,23650.527000000006,0.0
23650.527000000002,23700.526000000005,0.0
23700.526,23750.525000000005,0.0
23750.525,23800.524000000005,0.0
23800.524,23850.523000000005,0.0
23850.523,23900.522000000004,0.0
23900.522,23950.521000000004,0.0
23950.521,24000.520000000004,0.0
24000.52,24050.519000000004,0.0
24050.519,24100.518000000004,0.0
24100.518,24150.517000000003,0.0
24150.517,24200.516000000003,0.0
24200.516,24250.515000000003,0.0
24250.515,24300.514000000003,0.0
24300.514000000003,24350.513000000006,0.0
24350.513000000003,24400.512000000006,0.0
24400.512000000002,24450.511000000006,0.0
24450.511000000002,24500.510000000006,0.0
24500.510000000002,24550.509000000005,0.0
24550.509000000002,24600.508000000005,0.0
24600.508,24650.507000000005,0.0
24650.507,24700.506000000005,0.0
24700.506,24750.505000000005,0.0
24750.505,24800.504000000004,0.0
24800.504,24850.503000000004,0.0
24850.503,24900.502000000004,0.0
24900.502,24950.501000000004,0.0
24950.501,25000.500000000004,0.0
25000.5,25050.499000000003,0.0
25050.499,25100.498000000003,0.0
25100.498,25150.497000000003,0.0
25150.497,25200.496000000003,0.0
25200.496000000003,25250.495000000006,0.0
25250.495000000003,25300.494000000006,0.0
25300.494000000002,25350.493000000006,0.0
25350.493000000002,25400.492000000006,0.0
25400.492000000002,25450.491000000005,0.0
25450.491,25500.490000000005,0.0
25500.49,25550.489000000005,0.0
25550.489,25600.488000000005,0.0
25600.488,25650.487000000005,0.0
25650.487,25700.486000000004,0.0
25700.486,25750.485000000004,0.0
25750.485,25800.484000000004,0.0
25800.484,25850.483000000004,0.0
25850.483,25900.482000000004,0.0
25900.482,25950.481000000003,0.0
25950.481,26000.480000000003,0.0
26000.48,26050.479000000003,0.0
26050.479000000003,26100.478000000006,0.0
26100.478000000003,26150.477000000006,0.0
26150.477000000003,26200.476000000006,0.0
26200.476000000002,26250.475000000006,0.0
26250.475000000002,26300.474000000006,0.0
26300.474000000002,26350.473000000005,0.0
26350.473,26400.472000000005,0.0
26400.472,26450.471000000005,0.0
26450.471,26500.470000000005,0.0
26500.47,26550.469000000005,0.0
26550.469,26600.468000000004,0.0
26600.468,26650.467000000004,0.0
26650.467,26700.466000000004,0.0
26700.466,26750.465000000004,0.0
26750.465,26800.464000000004,0.0
26800.464,26850.463000000003,0.0
26850.463,26900.462000000003,0.0
26900.462,26950.461000000003,0.0
26950.461000000003,27000.460000000006,0.0
27000.460000000003,27050.459000000006,0.0
27050.459000000003,27100.458000000006,0.0
27100.458000000002,27150.457000000006,0.0
27150.457000000002,27200.456000000006,0.0
27200.456000000002,27250.455000000005,0.0
27250.455,27300.454000000005,0.0
27300.454,27350.453000000005,0.0
27350.453,27400.452000000005,0.0
27400.452,27450.451000000005,0.0
27450.451,27500.450000000004,0.0
27500.45,27550.449000000004,0.0
27550.449,27600.448000000004,0.0
27600.448,27650.447000000004,0.0
27650.447,27700.446000000004,0.0
27700.446,27750.445000000003,0.0
27750.445,27800.444000000003,0.0
27800.444,27850.443000000003,0.0
27850.443000000003,27900.442000000006,0.0
27900.442000000003,27950.441000000006,0.0
27950.441000000003,28000.440000000006,0.0
28000.440000000002,28050.439000000006,0.0
28050.439000000002,28100.438000000006,0.0
28100.438000000002,28150.437000000005,0.0
28150.437,28200.436000000005,0.0
28200.436,28250.435000000005,0.0
28250.435,28300.434000000005,0.0
28300.434,28350.433000000005,0.0
28350.433,28400.432000000004,0.0
28400.432,28450.431000000004,0.0
28450.431,28500.430000000004,0.0
28500.43,28550.429000000004,0.0
28550.429,28600.428000000004,0.0
28600.428,28650.427000000003,0.0
28650.427,28700.426000000003,0.0
28700.426000000003,28750.425000000007,0.0
28750.425000000003,28800.424000000006,0.0
28800.424000000003,28850.423000000006,0.0
28850.423000000003,28900.422000000006,0.0
28900.422000000002,28950.421000000006,0.0
28950.421000000002,29000.420000000006,0.0
29000.420000000002,29050.419000000005,0.0
29050.419,29100.418000000005,0.0
29100.418,29150.417000000005,0.0
29150.417,29200.416000000005,0.0
29200.416,29250.415000000005,0.0
29250.415,29300.414000000004,0.0
29300.414,29350.413000000004,0.0
29350.413,29400.412000000004,0.0
29400.412,29450.411000000004,0.0
29450.411,29500.410000000003,0.0
29500.41,29550.409000000003,0.0
29550.409,29600.408000000003,0.0
29600.408000000003,29650.407000000007,0.0
29650.407000000003,29700.406000000006,0.0
29700.406000000003,29750.405000000006,0.0
29750.405000000002,29800.404000000006,0.0
29800.404000000002,29850.403000000006,0.0
29850.403000000002,29900.402000000006,0.0
29900.402000000002,29950.401000000005,0.0
29950.401,30000.400000000005,0.0
30000.4,30050.399000000005,0.0
30050.399,30100.398000000005,0.0
30100.398,30150.397000000004,0.0
30150.397,30200.396000000004,0.0
30200.396,30250.395000000004,0.0
30250.395,30300.394000000004,0.0
30300.394,30350.393000000004,0.0
30350.393,30400.392000000003,0.0
30400.392,30450.391000000003,0.0
30450.391,30500.390000000003,0.0
30500.390000000003,30550.389000000006,0.0
30550.389000000003,30600.388000000006,0.0
30600.388000000003,30650.387000000006,0.0
30650.387000000002,30700.386000000006,0.0
30700.386000000002,30750.385000000006,0.0
30750.385000000002,30800.384000000005,0.0
30800.384000000002,30850.383000000005,0.0
30850.383,30900.382000000005,0.0
30900.382,30950.381000000005,0.0
30950.381,31000.380000000005,0.0
31000.38,31050.379000000004,0.0
31050.379,31100.378000000004,0.0
31100.378,31150.377000000004,0.0
31150.377,31200.376000000004,0.0
31200.376,31250.375000000004,0.0
31250.375,31300.374000000003,0.0
31300.374,31350.373000000003,0.0
31350.373000000003,31400.372000000007,0.0
31400.372000000003,31450.371000000006,0.0
31450.371000000003,31500.370000000006,0.0
31500.370000000003,31550.369000000006,0.0
31550.369000000002,31600.368000000006,0.0
31600.368000000002,31650.367000000006,0.0
31650.367000000002,31700.366000000005,0.0
31700.366,31750.365000000005,0.0
31750.365,31800.364000000005,0.0
31800.364,31850.363000000005,0.0
31850.363,31900.362000000005,0.0
31900.362,31950.361000000004,0.0
31950.361,32000.360000000004,0.0
32000.36,32050.359000000004,0.0
32050.359,32100.358000000004,0.0
32100.358,32150.357000000004,0.0
32150.357,32200.356000000003,0.0
32200.356,32250.355000000003,0.0
32250.355000000003,32300.354000000007,0.0
32300.354000000003,32350.353000000006,0.0
32350.353000000003,32400.352000000006,0.0
32400.352000000003,32450.351000000006,0.0
32450.351000000002,32500.350000000006,0.0
32500.350000000002,32550.349000000006,0.0
32550.349000000002,32600.348000000005,0.0
32600.348,32650.347000000005,0.0
32650.347,32700.346000000005,0.0
32700.346,32750.345000000005,0.0
32750.345,32800.344,0.0
32800.344000000005,32850.343,0.0
32850.343,32900.342,0.0
32900.342000000004,32950.341,0.0
32950.341,33000.34,0.0
33000.340000000004,33050.339,0.0
33050.339,33100.337999999996,0.0
33100.338,33150.337,0.0
33150.337,33200.335999999996,0.0
33200.336,33250.335,0.0
33250.335,33300.333999999995,0.0
33300.334,33350.333,0.0
33350.333,33400.331999999995,0.0
33400.332,33450.331,0.0
33450.331,33500.329999999994,0.0
33500.33,33550.329,0.0
33550.329000000005,33600.328,0.0
33600.328,33650.327,0.0
33650.327000000005,33700.326,0.0
33700.326,33750.325,0.0
33750.325000000004,33800.324,0.0
33800.324,33850.323,0.0
33850.323000000004,33900.322,0.0
33900.322,33950.320999999996,0.0
33950.321,34000.32,0.0
34000.32,34050.318999999996,0.0
34050.319,34100.318,0.0
34100.318,34150.316999999995,0.0
34150.317,34200.316,0.0
34200.316,34250.314999999995,0.0
34250.315,34300.314,0.0
34300.314,34350.312999999995,0.0
34350.313,34400.312,0.0
34400.312,34450.310999999994,0.0
34450.311,34500.31,0.0
34500.310000000005,34550.309,0.0
34550.309,34600.308,0.0
34600.308000000005,34650.307,0.0
34650.307,34700.306,0.0
34700.306000000004,34750.305,0.0
34750.305,34800.304,0.0
34800.304000000004,34850.303,0.0
34850.303,34900.301999999996,0.0
34900.302,34950.301,0.0
34950.301,35000.299999999996,0.0
35000.3,35050.299,0.0
35050.299,35100.297999999995,0.0
35100.298,35150.297,0.0
35150.297,35200.295999999995,0.0
35200.296,35250.295,0.0
35250.295,35300.293999999994,0.0
35300.294,35350.293,0.0
35350.293000000005,35400.292,0.0
35400.292,35450.291,0.0
35450.291000000005,35500.29,0.0
35500.29,35550.289,0.0
35550.289000000004,35600.288,0.0
35600.288,35650.287,0.0
35650.287000000004,35700.286,0.0
35700.286,35750.284999999996,0.0
35750.285,35800.284,0.0
35800.284,35850.282999999996,0.0
35850.283,35900.282,0.0
35900.282,35950.280999999995,0.0
35950.281,36000.28,0.0
36000.28,36050.278999999995,0.0
36050.279,36100.278,0.0
36100.278,36150.276999999995,0.0
36150.277,36200.276,0.0
36200.276000000005,36250.275,0.0
36250.275,36300.274,0.0
36300.274000000005,36350.273,0.0
36350.273,36400.272,0.0
36400.272000000004,36450.271,0.0
36450.271,36500.27,0.0
36500.270000000004,36550.269,0.0
36550.269,36600.268,0.0
36600.268000000004,36650.267,0.0
36650.267,36700.265999999996,0.0
36700.266,36750.265,0.0
36750.265,36800.263999999996,0.0
36800.264,36850.263,0.0
36850.263,36900.261999999995,0.0
36900.262,36950.261,0.0
36950.261,37000.259999999995,0.0
37000.26,37050.259,0.0
37050.259,37100.257999999994,0.0
37100.258,37150.257,0.0
37150.257000000005,37200.256,0.0
37200.256,37250.255,0.0
37250.255000000005,37300.254,0.0
37300.254,37350.253,0.0
37350.253000000004,37400.252,0.0
37400.252,37450.251,0.0
37450.251000000004,37500.25,0.0
37500.25,37550.248999999996,0.0
37550.249,37600.248,0.0
37600.248,37650.246999999996,0.0
37650.247,37700.246,0.0
37700.246,37750.244999999995,0.0
37750.245,37800.244,0.0
37800.244,37850.242999999995,0.0
37850.243,37900.242,0.0
37900.242,37950.240999999995,0.0
37950.241,38000.24,0.0
38000.240000000005,38050.239,0.0
38050.239,38100.238,0.0
38100.238000000005,38150.237,0.0
38150.237,38200.236,0.0
38200.236000000004,38250.235,0.0
38250.235,38300.234,0.0
38300.234000000004,38350.233,0.0
38350.233,38400.231999999996,0.0
38400.232,38450.231,0.0
38450.231,38500.229999999996,0.0
38500.23,38550.229,0.0
38550.229,38600.227999999996,0.0
38600.228,38650.227,0.0
38650.227,38700.225999999995,0.0
38700.226,38750.225,0.0
38750.225,38800.223999999995,0.0
38800.224,38850.223,0.0
38850.223000000005,38900.222,0.0
38900.222,38950.221,0.0
38950.221000000005,39000.22,0.0
39000.22,39050.219,0.0
39050.219000000005,39100.218,0.0
39100.218,39150.217,0.0
39150.217000000004,39200.216,0.0
39200.216,39250.215,0.0
39250.215000000004,39300.214,0.0
39300.214,39350.212999999996,0.0
39350.213,39400.212,0.0
39400.212,39450.210999999996,0.0
39450.211,39500.21,0.0
39500.21,39550.208999999995,0.0
39550.209,39600.208,0.0
39600.208,39650.206999999995,0.0
39650.207,39700.206,0.0
39700.206,39750.204999999994,0.0
39750.205,39800.204,0.0
39800.204000000005,39850.203,0.0
39850.203,39900.202,0.0
39900.202000000005,39950.201,0.0
39950.201,40000.2,0.0
40000.200000000004,40050.199,0.0
40050.199,40100.198,0.0
40100.198000000004,40150.197,0.0
40150.197,40200.195999999996,0.0
40200.196,40250.195,0.0
40250.195,40300.193999999996,0.0
40300.194,40350.193,0.0
40350.193,40400.191999999995,0.0
40400.192,40450.191,0.0
40450.191,40500.189999999995,0.0
40500.19,40550.189,0.0
40550.189,40600.187999999995,0.0
40600.188,40650.187,0.0
40650.187000000005,40700.186,0.0
40700.186,40750.185,0.0
40750.185000000005,40800.184,0.0
40800.184,40850.183,0.0
40850.183000000005,40900.182,0.0
40900.182,40950.181,0.0
40950.181000000004,41000.18,0.0
41000.18,41050.179,0.0
41050.179000000004,41100.178,0.0
41100.178,41150.176999999996,0.0
41150.177,41200.176,0.0
41200.176,41250.174999999996,0.0
41250.175,41300.174,0.0
41300.174,41350.172999999995,0.0
41350.173,41400.172,0.0
41400.172,41450.170999999995,0.0
41450.171,41500.17,0.0
41500.170000000006,41550.169,0.0
41550.169,41600.168,0.0
41600.168000000005,41650.167,0.0
41650.167,41700.166,0.0
41700.166000000005,41750.165,0.0
41750.165,41800.164,0.0
41800.164000000004,41850.163,0.0
41850.163,41900.162,0.0
41900.162000000004,41950.161,0.0
41950.161,42000.159999999996,0.0
42000.16,42050.159,0.0
42050.159,42100.157999999996,0.0
42100.158,42150.157,0.0
42150.157,42200.155999999995,0.0
42200.156,42250.155,0.0
42250.155,42300.153999999995,0.0
42300.154,42350.153,0.0
42350.153,42400.151999999995,0.0
42400.152,42450.151,0.0
42450.151000000005,42500.15,0.0
42500.15,42550.149,0.0
42550.149000000005,42600.148,0.0
42600.148,42650.147,0.0
42650.147000000004,42700.146,0.0
42700.146,42750.145,0.0
42750.145000000004,42800.144,0.0
42800.144,42850.143,0.0
42850.143000000004,42900.142,0.0
42900.142,42950.140999999996,0.0
42950.141,43000.14,0.0
43000.14,43050.138999999996,0.0
43050.139,43100.138,0.0
43100.138,43150.136999999995,0.0
43150.137,43200.136,0.0
43200.136,43250.134999999995,0.0
43250.135,43300.134,0.0
43300.134000000005,43350.133,0.0
43350.133,43400.132,0.0
43400.132000000005,43450.131,0.0
43450.131,43500.13,0.0
43500.130000000005,43550.129,0.0
43550.129,43600.128,0.0
43600.128000000004,43650.127,0.0
43650.127,43700.126,0.0
43700.126000000004,43750.125,0.0
43750.125,43800.123999999996,0.0
43800.124,43850.123,0.0
43850.123,43900.121999999996,0.0
43900.122,43950.121,0.0
43950.121,44000.119999999995,0.0
44000.12,44050.119,0.0
44050.119,44100.117999999995,0.0
44100.118,44150.117,0.0
44150.117000000006,44200.116,0.0
44200.116,44250.115,0.0
44250.115000000005,44300.114,0.0
44300.114,44350.113,0.0
44350.113000000005,44400.112,0.0
44400.112,44450.111,0.0
44450.111000000004,44500.11,0.0
44500.11,44550.109,0.0
44550.109000000004,44600.108,0.0
44600.108,44650.106999999996,0.0
44650.107,44700.106,0.0
44700.106,44750.104999999996,0.0
44750.105,44800.104,0.0
44800.104,44850.102999999996,0.0
44850.103,44900.102,0.0
44900.102,44950.100999999995,0.0
44950.101,45000.1,0.0
45000.1,45050.098999999995,0.0
45050.099,45100.098,0.0
45100.098000000005,45150.097,0.0
45150.097,45200.096,0.0
45200.096000000005,45250.095,0.0
45250.095,45300.094,0.0
45300.094000000005,45350.093,0.0
45350.093,45400.092,0.0
45400.092000000004,45450.091,0.0
45450.091,45500.09,0.0
45500.090000000004,45550.089,0.0
45550.089,45600.087999999996,0.0
45600.088,45650.087,0.0
45650.087,45700.085999999996,0.0
45700.086,45750.085,0.0
45750.085,45800.083999999995,0.0
45800.084,45850.083,0.0
45850.083,45900.081999999995,0.0
45900.082,45950.081,0.0
45950.081000000006,46000.08,0.0
46000.08,46050.079,0.0
46050.079000000005,46100.078,0.0
46100.078,46150.077,0.0
46150.077000000005,46200.076,0.0
46200.076,46250.075,0.0
46250.075000000004,46300.074,0.0
46300.074,46350.073,0.0
46350.073000000004,46400.072,0.0
46400.072,46450.070999999996,0.0
46450.071,46500.07,0.0
46500.07,46550.068999999996,0.0
46550.069,46600.068,0.0
46600.068,46650.066999999995,0.0
46650.067,46700.066,0.0
46700.066,46750.064999999995,0.0
46750.065,46800.064,0.0
46800.064000000006,46850.063,0.0
46850.063,46900.062,0.0
46900.062000000005,46950.061,0.0
46950.061,47000.06,0.0
47000.060000000005,47050.059,0.0
47050.059,47100.058,0.0
47100.058000000005,47150.057,0.0
47150.057,47200.056,0.0
47200.056000000004,47250.055,0.0
47250.055,47300.054,0.0
47300.054000000004,47350.053,0.0
47350.053,47400.051999999996,0.0
47400.052,47450.051,0.0
47450.051,47500.049999999996,0.0
47500.05,47550.049,0.0
47550.049,47600.047999999995,0.0
47600.048,47650.047,0.0
47650.047,47700.045999999995,0.0
47700.046,47750.045,0.0
47750.045000000006,47800.044,0.0
47800.044,47850.043,0.0
47850.043000000005,47900.042,0.0
47900.042,47950.041,0.0
47950.041000000005,48000.04,0.0
48000.04,48050.039,0.0
48050.039000000004,48100.038,0.0
48100.038,48150.037,0.0
48150.037000000004,48200.036,0.0
48200.036,48250.034999999996,0.0
48250.035,48300.034,0.0
48300.034,48350.032999999996,0.0
48350.033,48400.032,0.0
48400.032,48450.030999999995,0.0
48450.031,48500.03,0.0
48500.03,48550.028999999995,0.0
48550.029,48600.028,0.0
48600.028000000006,48650.027,0.0
48650.027,48700.026,0.0
48700.026000000005,48750.025,0.0
48750.025,48800.024,0.0
48800.024000000005,48850.023,0.0
48850.023,48900.022,0.0
48900.022000000004,48950.021,0.0
48950.021,49000.02,0.0
49000.020000000004,49050.019,0.0
49050.019,49100.018,0.0
49100.018000000004,49150.017,0.0
49150.017,49200.015999999996,0.0
49200.016,49250.015,0.0
49250.015,49300.013999999996,0.0
49300.014,49350.013,0.0
49350.013,49400.011999999995,0.0
49400.012,49450.011,0.0
49450.011000000006,49500.01,0.0
49500.01,49550.009,0.0
49550.009000000005,49600.008,0.0
49600.008,49650.007,0.0
49650.007000000005,49700.006,0.0
49700.006,49750.005,0.0
49750.005000000005,49800.004,0.0
49800.004,49850.003,0.0
49850.003000000004,49900.002,0.0
49900.002,49950.001,0.0
49950.001000000004,50000.0,0.0
